{
  "n_estimators": 412,
  "max_depth": 6,
  "learning_rate": 0.1019989806358775,
  "subsample": 0.6480999515380199,
  "colsample_bytree": 0.7636151585812957,
  "min_child_weight": 4,
  "gamma": 0.1619647011455645,
  "reg_alpha": 0.23546218682700595,
  "reg_lambda": 0.5700233551080657,
  "random_state": 42,
  "tree_method": "hist",
  "verbosity": 0,
  "best_iteration": 326
}