{
  "max_depth": 3,
  "learning_rate": 0.0217837403437724,
  "min_child_weight": 2,
  "reg_alpha": 1.5649941056840992,
  "reg_lambda": 2.10400127981316,
  "subsample": 0.7533259988620896,
  "colsample_bytree": 0.9283575921342293,
  "gamma": 0.23403114108369394,
  "n_estimators_max": 1500,
  "n_arboles_usados": 451,
  "objective": "binary:logistic",
  "early_stopping_rounds": 50
}